ulasan,label,label_final
"Kok sekaran saya gak bisa lagi beli coinnya pake pulsa tri, padahal kemaren bisa bisa aja. Tolong dong yang bener ngatur sistemnya kan sayang uang saya jadi kebuang gara gara gak bisa belinya",-1,2
"komiknya makin keren , cuma setelah perbaharui kenapa jadi gak bisa screenshot lagi ya ? padahal banyak gambar yang keren keren loh dan kata kata spesialnya",-1,2
gambarnya cukup 👍bagus,-1,2
"Makin lama apknya makin jelek padahal dulu kalau mau ganti akun itu gampang banget sekarang malah delay nya lama bgt kdg juga ga bisa, terus pas mau login itu gada gambarnya udh ditunggu"" gambarnya juga ga muncul"" pdhl jaringannya sangat stabil.jang ada update doang dong kalo apknya main jelek gini",-1,2
"Semenjak memakai koin, para pembaca webtoon semakin menurun. Seharusnya, kalo mau jangan pake sistem koin, pake sistem iklan atau semacamnya aja. Atau di kasih koin gratis tiap like atau komentar. Lalu untuk masalah screen shoot, ga ada masalah karena itu adalah 'hak cipta mereka'. Namun semenjak menjadi berlaku sistem koin, para pembaca menjadi malas. Karena mereka membaca berulang"" karena bagus. Kasian para penulisnya, lama"" karya mereka ga di kenal lagi dan memilih pindah ke aplikasi sebelah",-1,2
"Tiap diperbaharui bukannya makin bagus tapi malah sebaliknya, sad :( . Buat kalian yang belum update lebih baik ga usah deh. Peraturan makin ribet dan Loading makin lama padahal jaringan internet kenceng. Sorry aja Ini mah alamat #pindahlapak dan #uninstalwebtoon. Kangen apk webtoon yang versi lama. Thanks",-1,2
Adu . Uda 2 kali aku dowlond aplikasi ini. Krna suka . Awal2 pake. Bagus. Jringan juga bgus. Hp juga bagus. Ko pake tiba2 enga bisa buka lagi. Krna kesalahan jring. To buka aplikasi lain jdi. Knpa ya. Jringan di hp ku juga bgus. Jadi enga beta baca webtoon . 🥴,-1,2
"Saya baca webtoon dari SMA smpe sekarang, kecewa sama versi sekarang yang gak bisa di screenshoot, padahal banyak kata motivasi di bbrapa webtoon yg saya baca. kalo pas suntuk²nya kan bisa baca di screenshootnya tanpa harus buka di webtoon lagi. saya K E C E W A dengan Webtoon VERSI BARU!!!",-1,2
Gw heran padahal sinyal gw bagus buka you tube lancar2 aja giliran buka ini webtoon ngelagnya minta ampun padahal cuman baca doang mending gw baca dimangatoon aja males gw kalau kayak gini,-1,2
Kok susah banget buka nya ya padahal kan udah ku update tetep aja lama banget loadingnya malah keluar tampilan putih polos apaan coba tolong solusinya🙏,-1,2
"sebetulnya sudah oke, tapi sering sekali komik tidak muncul padahal koneksi saya baik baik saja, ditambah lagi sekarang layout homepage nya terlihat lebih ramai dan membingungkan",-1,2
Pliss....oy knpa webtoon nya semenjak update jdi susah buat dibuka😭😭.....kumohonnnn plissss sangat perbaiki lagi aku ini pembaca lama dn jadi kecewa sma webtoon yg sekarang lama kelmaan bakal ku unistall nih webtoon klo msih kyak gini. .....dulu bintang lima sekarang empat trus klo masih ngak bisa dibuka bakal terus kukurangi bintangnya😢😢😭,-1,2
keren tapi banyak yang premium,-1,2
Saya ingin kode promosi nya... Saya tidak tau caranya bagaimana untuk mendapatkan kode promosi nya... Mohon bantu😅😁... Tapi aplikasi ini sangat bagussss sekali..... 😊hehe....,-1,2
benci banget sama weebtoon yang sekarang sinyal udah 4G giliran buka webbtoon gak bisa baca komik gak keluar gambar maunya apasih!! giliran saya buka aplikasi lain lancar lancar aja webbtoon doang yang menjijikan!,-1,2
bagus banget bisa baca komik seru dengan grafik yang luar biasa sama up terus ya! btw buat waktu tunggu nya tunggu 30 hari aja yah? malas nunggu👍🗿 tapi ga maksa kok😁,-1,2
aplikasi Baca komik Terbaik Webtoon TERBAIKKK👍,-1,2
Aplikasi ini sangat lha membantu saya untuk mengisi waktu luang. Apalagi isi ceritanya yang sangatlha menarik dan seru-seru tentunya. Dan pokoknya semoga sukses selalu🙏🤩👍,-1,2
"Aplikasi baca komik terbaik 🤩 udahlah cuma butuh nyalain internet doang tapi ga ke sedot itu kuota. Apalagi semua komik gratis, ga ada yang berbayar 1 rupiah pun. Cuma gegara uploader komik yang sesat, mereka membuat komik yang memiliki unsur ""Sus"". Jadi bolehlah Dev nya nambahin peringatan dan pemeriksaan kesehatan komiknya 🗿👍",-1,2
"Udah 3 hari ini daftar Webtoon favorit gw ilang sisa koin juga ilang jadi kaya gak login,udah coba hapus data dan masih sama l, ini coba gw uninstall dan download lagi malah gak bisa login gak tau lagi gw apa yang salah sejak update terbaru malah jadi banyak masalah padahal dulu aman aman aja",-1,2
"Mending jangan di kasih bintang sekalian jangan download juga, Kessel banget lagi baca keluar terus keluarnya juga bukan sekali dua kali kalo masuk keluar masuk keluar kesel banget mending baca di apk lain",-1,2
"Heh buat lu yg ngebuat aplikasi ini tolong gratis episode nya, kita ini juga ga bisa langsung beli coin sebanyak itu, ya walaupun cmn 12 coin sih, buka 2 episode aj udh 24 coin apa lg banyak, tolong gratis kan episode nya yg ke kunci terimakasih, tapi bagus kok, bukan bagus lg sih tpi bagus bgt....",-1,2
"aa ga suka sama tampilan terbarunyaaa, bikin pusing ngeliatnya, masih bagus tampilan sebelumnya. mohon di perbaiki",-1,2
Emang bagus tambah ad suara+bisa baca sepuasnya dan aku suka banget webtoon ini tapi tambahin bisa gerak kayak animation dong kayak di iklannya,-1,2
"Dulu suka bnget, tapi makin sini makin kacau, genre 17+ makin banyak masuk, sama yang official rata rata Webtoon luar, yang local makin sedikit. Kukira karena ini di Indonesia bakal banyak komik lokal, ternyata lebih banyak komik korea. GA BANGET",-1,2
"hmm, aplikasinya sudah cukup bagus tapii kok feed creator nya GAKKK BISAAAAAA????????? pdhl aku mau liat update an dari creator-creator kesayanganku, udah beberapa bulan ygy dah di apdet masalah internet mah saya bagus ygy, tolong dong :( banyakin manhwa kaya msyt migth mayhem, nano mashin, dll KEK BOSEN SAMA GENRE SEMUT AKH TU",-1,2
"tiket harian diganti sama iklan padahal dulu bisa pake 3 cara tiket harian, iklan 5x, sama coin malah sekarang cuma iklan 1x sama coin mana coin yang dipake banyak"" sekarang gak kayak dulu",-1,2
ternyata bisa baca cuka modal nonton iklan,-1,2
"ini sangat bagus dan sangat seru banget, apalagi pada cakep-capek, kalian wajib dowload sih, soalnya emng seasik ini dan secandu itu..",-1,2
"bagus, apalagi sekarang bisa baca gratis pake iklan banyak banget. tapi tolong dong min, iklannya jangan kebanyakan JUDOL, aplikasi sebagus ini sayang banget masih kena noda JUDOL di iklannya. stop JUDOL.",-1,2
"Halo tim webtoon, aku baru pake aplikasi ini tetapi kenapa beberapa komik memakai tiket harian kan jadi susah bacanya. seperti komik mistique jadi mau baca ulang lagi jadi susah",-1,2
"Bagus sih,tapi sekarang terlalu banyak komik(manhwa) yang terlalu dewasa,banyak sekali adegan intim,dan 3 bulan terakhir setiap ada komik baru dan mau dibaca langsung keluar peringatan umur 18 ke atas.Untuk anak usia di bawah umur langsung klik opsi ""ya"",langsung bisa baca itu komik dewasa.Dan juga banyak-banyakin komik cerita yang mendidik,contohnya seperti cerita rakyat (""Dedes"",""wathong yang tegas""),walau di ubah ini tetap seru dan bisa menambah ilmu tentang sejarah. Banyakin juga komik lokal",-1,2
"sy pribadi lbh suka tampilan webtoon dulu, like eps kliatan berguna untuk tandain chapter favorit jadi ez buat cari lg, tp skrng g kliatan lg, dulu kl cari judul psti muncul webtoon yg emg jdulnya akurat, tapi skrng kl cari wlpn udh sesuai judul, pasti judul lain yang cuma punya 1 kata yang sama dgn yg aku search juga ikut muncul, prhnya tampilan cm cover dan itu bikin pusing bgt, plus skrng lag bgt kalo buka wb pdhl jaringan stabil, tolong perbaiki.",-1,2
"Hmm saya sangat suka dengan app ini karena cerita nya sangat menarik,bagi para wibu atau pencinta anime download app web toon gk bakal nyesel pokok nya top banget dan saya kurang suka beberapa hal karena akun saya yg lama hilang setelah uninstall app ini jadi tolong dong kasih solusi nya agar gk mengulang baca eps cerita nya",-1,2
Apknya keren parah si. Aku suka. Komiknya jg macem2 genrenya. Dari author² terbaik pstinya. Recommended lah intinya. Ga nyesel download apk ini :),-1,2
"Apk nya bagu tapi tambah kan fitur saat komik di download ke simpannya ke kartu sd bukan ke penyimpana original,jika begini susah bagi hp kentang yang ingin download komik jadi tambahin fitur itu ya akan aku naikin rating nya",-1,2
"untuk isinya saya suka,, tpi saya merasa sudah dibatasi soal tdak bisa lgi sreenshot,, pdahl itu hanya ingin kubuat walpeper dan ada beberapa adegan yg lucu dan romantis yg tdak boleh dilwatkan, makanya saya sreenshot buat dijdikan memek di WA grub😀😀😭😭😭😭",-1,2
"Suka banget udah berapa tahun ya pakai ini? Lupa karna saking lamanya Dari awal kuliah sampai sekarang, walaupun hp udah nggak kuat dan bolak balik instal ulang, webtoon tetap nomor 1 yg didownload buat mengisi waktu senggang yg benar2 engga senggangku 😁😁😁",-1,2
"Sejujurnya aplikasi ini aplikasi favorit saya, tapi akhir ini saya sangat risih dengan pihak webtoon. Banyak banget komik2 dengan unsur dan adegan-adegan dewasa yang terus bermunculan. Verifikasi umur pembaca untuk membaca webtoon tersebut sangat mudah diakses, bahkan untuk anak di bawah umur. Tolong perketat lagi batasan akses untuk membaca komik dewasa tersebut dan sediakan fitur block untuk webtoon tertentu, agar webton2 tersebut bisa saya block supaya tidak muncul di beranda/rekomendasi saya",-1,2
"aww aplikasi favorit setiap kali mau ngebaca manga atau manhwa gituu! tapi masih ada satu keluhan sih, yaitu kalau misalnya kita mau screenshot panelnya, loading screenshot nya tuh lama banget, kadang ngambil waktu sekitar 5~6 detik gitu, kadang jadi gak seru apalagi kalau ngebaca webtoon yang ada lagunya, pokoknya itu aja sih, overall semuanya bagus banget, pokoknya sukses terus buat webtoon~!!",-1,2
"Tolong adain fitur Tap donk supaya pembaca gak pegel jari harus Scroll Scroll ke bawah ,, malah lebih enak kalo cuman tap tap layar ,, Tolong Respon nya!!",-1,2
aplikasi yah bagus bagus banget malah tapi min kalo bisa coin buat baca yah di kurangi ke jadi 15 aja jangan 18 hehe itu aja sih,-1,2
"Tolong dong.. Tambahkan mode malam.. Karena ketika malam.. Di saat saya baca.. Latar putihnya menyilaukan mata saya.. Dan saya suka banget webtoon.. Saya bacanya dari siang hingga malam.. Dan gak bosen-bosen.. ""Request Night Mode"" please ya",-1,2
Aplikasi ini sangat bagus...tapi dulu waktu saya terakhir baca ngebug banget..sering tiba tiba keluar jadi saya harapkan sudah di perbaiki setelah sekian lama saya gak baca,-1,2
"Sangat bagus dari dulu sih, tapi tolong dong isiin fitur grup chat kayak aplikasi baca komik yg lain, biar tambah seru sama biar busa diskusi sama sama suka comic",-1,2
"Aplikasi ini secara keseluruhan bagus sekali, sumpah, tapi sayangnya iklannya itu. Saya tidak masalah kalau harus nonton iklan untuk buka chapter baru, tapi mohon pilah-pilah lagi iklan yg boleh ditayangkan, karena banyak iklan"" dewasa yang seharusnya disensor. Tolong, kasihan anak"" yang dibawah umur.",-1,2
sangatt seruu membaca komik d aplikasi inii,-1,2
"Keren banget webtoon!!🔥🔥🔥 Saya pengguna lama webtoon dan selama ini saya sangat merasa puas dengan webtoon,, dari segi cerita, gambar, da lain lain sudah sangat bagus, DI TAMBAH LAGI SEKARANG UDH BISA DI SCREENSHOT 😭🔥🔥🔥🔥 THANK'S DEVELOPER NYAA!!! SENENG BNGET DAH!!",-1,2
bagus gk tau mau nulis apa tp yg jelas bagus 😎👍,-1,2
"aplikasi yg sangat menyenangkan untuk baca dan banyak komik2 seru setiap minggunya, setelah tau ada aplikasi ini mengubah hidup saya menjadi lebih berwarna karena komik banyak pilihan jenis komik dalam 1 aplikasi😘😘",-1,2
udah baca Webtoon dari lulus Sd sampe sekarang udah lulus kuliah baru terasa update nya terlalu berlebihan seakan Webtoon kehilangan ciri khas dan jati diri terlalu berani ambil keputusan mengubah tampilan sampe kita yang udah lama baca aja bingung sendiri liat katalog nya ☹️,-1,2
"Aplikasinya bagus Tapi untuk editor perhatikan juga komikus komikus yg bergenre action,fantasy,dll Jgn terlalu sering genre romance",-1,2
"GATAU LAGI POKOKNYA SUKA. Perfect deh pokoknya, ga ada kurangnya. Ada banyak cerita dari berbagai genre disini, terus juga ada banyak yang udah mau di bikin drama. ga kaya aplikasi lainnya yang sekarang mode nya ""Premium"", kalo webtoon engga. Webtoon tuh pake koin, tapi walaupun ga punya koin ttp bisa baca kok. Buat kalian yg belom tau, jadi koin disini cuma buat kalau kita mau baca cerita yang belom dipublish. POKOKNYA BURUAN DOWNLOAD, GUA JAMIN GA AKAN NYESEL!! 😂😂 cerita fav aq : TSOA💜🤗",-1,2
kasih bintang 3 aja dulu soalnya baru baca beberapa chapter bagi saya membaca di webtoon lumayan bagus dan menarik,-1,2
Ini sih bagus banget banyak cerita - cerita komiknya seru ga ada iklannya saya suka banget walaupun pake data ya yang penting ga ada iklan dan ini seru banget,-1,2
Saya senang membaca di Web Ton. Karna di web ton dan mangaton web ton lebih asyik kalau di mangaton tidak sangat asyik.lagipula Web ton keren untuk kita membaca agar membaca kita lancar,-1,2
Kalau app sangat baguslh toh saya pecinta webtoon dari kls 7 tapi saya lebih suka versi lama soalnya bisa di ss kan tapi yg versi baru gx bisa di ss kan 😢😢 mohon dong aplikasi webtoon bisa di ss kan lagi agar kami para pecinta webtoon bisa ss kan komik dan episode di webtoon agar bisa di momentumkan....pliiss 😢😢😭😭,-1,2
"arghhh tonton iklan tapi memuat mulu sampe gabisa, udh semingguan ini gabisa dipake fitur iklan tersebut untuk membuka episode selanjutnya 💔",-1,2
"Yang terhormat, developer naver Kenapa pada saat saya melakukan pembelian koin, pembayaran berhasil tetapi koinnya tidak masuk? Tolong perbaiki jangan sampai saya rugi",-1,2
"Supah suka banget sama line webtoon ini betwe aku udah punya line webtoon ini dri pertama keluar iklannya aku langsumg download supah nggak nyesel deh kalok mau baca komik romanses disini banyak banget dan gambarnya bagus"" mana ceritanya seru banget😍😍",-1,2
"Suka bangett, udah bertahun-tahun baca komik dari webtoon, rutin lagi tiap hari tauu wahahahh, selalu nunggu update an eps terbaru dari komik-komik yang aku sukaa, kalo belum baca sehari kek ngeganjel, terimakasih webtoon!!",-1,2
"aq sangat suka webtoon... komiknya selalu terbaik... 5 tahun sudah webtoon selalu menemani hari2q... buat authorx tetap semangat dan buat webtoon terima kasih,,, selalu tampilkan komik2 yg berkualitas",-1,2
"apk ini sangat membatu saya untuk membaca manhwa atau juga komik lokal. koin bisa dibelii atau nonton iklan yah sejauh ini saja ga pernah beli coin sih jadi menurut saya ini bagus karena bersabar dan bisa unlock sndri😋 kadang pelit kadang enggak. moga aja kedepannya apk ini banyakin manhwa"" lagii setelah saya menyukain 1 genre saya cari cari referensi judul dengan genre sama namu di apk ini belum ada jadi dilengkapi lagi.",-1,2
"Bagus dan semakin banyak, Namun sekarang terdapat fitur ""Sewa"" untuk Webtoon yang telah tamat, tak seperti dahulu yang bebas membacanya kapanpun. mohon kembali seperti dahulu :(",-1,2
aku sukaa udh gtw lagi mau ngomong apa pokoknya apk ini kalo aku bosan lngsung ke sini,-1,2
"Aku lebih suka layout halaman seperti dulu... yang sekarang kayak kurang enak dipandang... dulu enak nya karena ada list komik apa aja yang update di tiap hari itu, jadi enak buat baca komik nya karena ada schedule nya.",-1,2
cerita pertama yang aku baca di sini bener bener buat aku sakit hati Sampek Sampek mental ku down jadi mau aku kasih 1 bintang tapi aku coba lagi cari cari cerita yang lain Sampek aku ketemu cerita yang girl world bener bener bikin mental aku baik lagi Sampek Sampek kadang senyum sendiri kadang salting sendiri padahal cuma fiksi beneran suka pas liat episod di mana ngeliat masing masing nomor di hpnya Yoona paling bikin aku bahagia itu *my nari*😆😆😭😭pen nangis.......,-1,2
"Bagus, dari segi tampilan, menu dan fitur semua menarik. Tapi ada satu fitur penting yang tidak ada... Yaitu fitur backup. Menurut saya ini jadi kelemahan, karena tanpa backup saat apl ke hapus, HP di flash, atau ganti HP pengguna jadi sulit untuk mengetahui mana komik yang sudah/sendang merabaca, mencari chapter terakhir mereka baca. Itu sangat menyusahkan pengguna. Saya harap untuk update kedepannya bisa ditambahkan fitur backup ini, terimakasih...",-1,2
"Bagus. Cuman kenapa harus ada fitur Daily+, itu membuat pembacanya jadi malas baca cerita, ada juga para penonton yang mengunggu ceritanya sampai habis pas sudah habis malah bisa baca satu persatu. Kalau bacanya sehari sekali maka alur dan suasananua gak dapat. Mohon diperbaiki semoga saran saya bisa bermanfaat terimakasihh!",-1,2
Kok pas diperbarui tap untuk kebawahnya ga bisa....harus dadakan geser dari bawah keatas...padahal dulu enak banget sekali tap langsung ke atas tuh chapter ya......seharusnya diperbarui jangan menghilangkan fungsi yang lainnya Donk....jadi sedikit kecewa,-1,2
ceritanya seru²tpi harga koinnya mahal²😭😭 aplgi ada yg Ampe 18 koin😩. tolong dong koinnya max 10-15 koin per episodenya,-1,2
"Saya apresiasi komik²nya bnyk yg bagus, tp akhir² ini webtoon jd pelit bgt. Saya ngerti pihak webtoon jga butuh ambil keuntungan, apalagi utk para artist² webtoon nya. Tp ga gini juga, dulu kalian bsa ngadain event 2x secara berdekatan, lumayan bisa minimal dpet 12 koin gratis, skrg event cma skali dpet 7 koin 5 hari doang berlakunya, sdangkan rata² komik harganya 10-14 koin. Saran aja gausah dikasih batas waktu dlm hadiah koin, kasian yg mau nabung koin. Mgkin bsa 5 koin hadiah tanpa batas wktu",-1,2
"Hae gaes~ Buat kalian yg mau nyari apk komik, ini nih apk nya.. ceritanya seru and menarik, ad berbagai macam genre, update di setiap ceritanya dh di tentuin jd klian tinggal pilih mna yg klian suka, trus klo udh dipilih jn lupa di baca, klo udh di baca jn lupa di tambahin ke favorit sma kasih love, jn bisanya ngebaca doank hargai authornya~ Jadi gua kasih saran instal ae skrng jn pke mikirr di jamin ga bakal nyesel.",-1,2
"ini kenapa dah webtoon ih? masa ""tidak ada koneksi internet"", apps lain lancar jaya, kuota internet aman, sinyal oke lagi perbaikan atau gimana ini? kok nggak ada pemberitahuan sampek install ulang berkali-kali tetep gak bisa",-1,2
apk bagus isinya juga bagus gak kaya apk lain yang isinya s*ks semua,-1,2
Saya kasi bintang 4 karna ada 1 hal yg membuat mungkin sebagian org tidak dapat membaca sampai akhir karna kehabisan koin tolong untuk developer kalau bisa sistem membuka episode mengunakan koin di hapus karna tidak semua org mampu membeli koin yg banyak itu saja dari saya assalamualaikum,-1,2
"gua suka Webtoon dari dulu, meskipun ga semua gratis tapi gua suka karena kemudahan yang diberikan. tapi gua agak kecewa sama Webtoon belakangan ini karena beberapa kali ketika gua top up koin selalu gagal dan gak tau apa masalahnya. padahal untuk aplikasi lain, tidak ada masalah ketika top up. tolong diperbaiki lagi ya Dev, padahal ada beberapa eps yang benar-benar mau gua baca dan butuh koin. tapi karena masalah itu jadi harus bersabar deh.",1,2
"padahal tampilan awal 'home' udah bagus dan terbiasa, eh malah diubah.. sekarang tampilan 'home' jadi jelek dan ga nyaman. aku suka banget baca webtoon, apalagi pas ada webtoon baru terus ditampilin di bagian 'home' yang bisa dislide-slide itu. jadinya koleksi bacaan makin banyaak~ tapi pas tampilan 'home' diubah jadi susah mau nyari cerita yang bagus karna harus dibuka satu-satu. belum lagi ga semua cover + judul cerita di webtoon itu menarik, jadi kalau ga keliatan menarik ya ga bakal kebaca",-1,2
"bagus bgt, suka sama cerita2 nya, bisa dibaca diwaktu santai, tapi kenapa si suka tiba tiba muncul ""koneksi jaringan tidak stabil, silahkan cek jaringan"" aga lupa bacaannya apa, pokoknya itu laa..naah pdhl wifi gue lancar bgt, kok pas baca komik tiba2 muncul gitu, mana ga bisa ilang...tp apk nya bagus kok, itu aja kekurangannya mnurut akuu🤭",-1,2
"arigato untuk developer nya udh buatin app yg bagus banget, webtoon webtoonnya udh terjadwal, ga kaya app komik yg lain, hrs pake koin walaupun udah 1 Minggu, tapi ini tiap Minggu semua webtoonnya udah up, fav bangett",-1,2
"Kok lama banget sih gmbrnya kebuka,pdhal sinyal bagus,buat buka apa aja bisa,tp buat buka weebtoon kok susah,tlong di perbaiki dong",-1,2
"Tampilan nya bagus, ceritanya lumayan lah, yg suka komik/nggambar anime download dah di jamin gk bakal nyesel. Untuk orang-orang yg ingin salah satu komik di rilis tiap hari, tolong jangan katakan itu lagi, karena yg bikin kan manusia perlu istirahat, dan bagi yg bosen nunggu kalian harus sabar karena gk mungkin kalian suka sekali salah satu komik klo kalian gk bisa bener bener sabar nungguin episode baru komik nya rilis",-1,2
bagus cuma banyakin manhwa nya pliss,-1,2
"sebagai manusia prik dan nolep,aink bosen cuma baca manga anime kea tokrep,jjk,haikyuu.Jadi, download Webtoon deh.sekalian baca baca komik yang lagi trend.Pada dasar dan intinya,ini apk baca komik is the best.ya udah ya,itu aje.Dadah",-1,2
"Bagus banget si webtoonnya tapi screenshot nya diizinin lagi dung, kan mau di jadiin wallpaper biar kerenn huhuu, nyari fotonya jd susah klo udh ngefans:((",-1,2
bagus cerita kerjaannya anak kecil terlalu sedikit,-1,2
"saya suka dengan apk ini. tapi masalah nya, kenapa iklan judol yg di tampilkan. sungguh sangat menggangu. hapus iklan judol di apk ini min🙏",-1,2
"asliii apk ny baguss,,, gambarnya juga rapi dan detail gambar ny bikin keren apalagi gendre ² ny ,, wahh banyk banget ,,, alur ceritanya bikin baper pokoknya apk ini bintang 5",-1,2
"Kenapa ya 2 hari ini ga muncul episode baru dri komik2nya di akunku? Pdahal ada jadwal update, tp episode barunya ga muncul. Instalasi jga sdah terupdate. Apa ada kendala dalam app? Jd kelewat episode kan ga asik 😔",-1,2
"baguss, bisa baca offline kalo udh didownload salah satu komiknya. cmn kadang udh didownload salah satu komik ada beberapa gambar yang ga muncul, atau kepotong alurnya. dimohon perbaikannya",-1,2
Aku kecawa sama ni aplikasi. Padahal seru banget tapi kenapa cuma gambar putih aja yang keluar padahal kuota masih banyak. Dengan berat hati gua uninstal nih webtoon .sayang sekali,-1,2
"Apk ini tidak memiliki daftar komik yg lengkap ada beberapa komik tidak terdaftar di apk ini seperti the tutorial tower dan lainya mudah"" komik yg tidak ada akan segera dilengkapi dimasa mendatang . Ketika saya hendak mambaca komik yg ada knp gambar nya tidak muncul padahal jaringan saya lancar"" saja bahkan saya bisa download anime 1 season dengan lancar tanpa macet saat mendownload nya mudah"" apk ini cepat diperbaiki sehingga saya dapat membaca komik di apk ini lagi ~~~~~~~~Terima kasih~~~~~~~~",-1,2
"webtoon lama jangan premium pliss,kalo bisa minimal 1-5 koin aja per eps. kalo yang on Going kalo bisa baca gratis nya dicepetin,atau pake iklan tapi banyakin😁",-1,2
Apk nya bagus kok komik2 ny jg keren n g ngebosenin. saran aku cuma banyakin event koin gratis buat para readers yg suka gasabaran kek gw ini hahaha. tapi sygny first akun gw gabisa login padahal msi ada koinnya hweeeee,-1,2
"setiap mau baca manhwa baru ga bisa terus muncul tulisan, terjadi-masalah2 terus ada juga sih yang bisa tapi kebanyakan gak bisa kenapa yah ini, padahal umur saya diatas 18 plus",-1,2
Update yang terbaru aneh ga bisa liat rating mana yang bagus mana yang rekomendasi ini malah dimatiin fitur ratingnya jadi males mau baca sekarang,-1,2
"Kok loadingnya lama banget padahal sinyal bagus kuota masih banyak tapi loadingnya lama cerita""nya emang bagus"" tapi kalok lama kek gini bisa bosen nunggunya tolong diperbaiki kalok udah baru saya kasih bintang 5",-1,2
"Kenapa setiap masuk Webtoon gabisa baca komiknya ""anda sedang tidak terhubung ke internet"" padahal internet lancar dan pake WiFi buka yt lancar ajaa,tolong dong segera diperbaiki bug nya",-1,2
"Tampilan berandanya yg sekarang kurang suka, lebih suka yang lama bisa tau jadwal webtoon apa saja yg up di hari itu, kalo tampilan yg sekarang bener2 ga nyaman, harus scroll ke bawah terus, tolong kembalikan yg tampilan lama saja min",-1,2
"Aq suka, bisa buat hiburan, komiknya seruu bgt, cma saran aja tambahin komik genre fantasi, drama dll, jgn kebanyakan romantis",-1,2
semenjak di-upgrade malah ngelek dan gak bisa di buka padahal pakai wifi 😭😭 kecewa banget aku padahal banyak banget komik kesukaan yg setiap hari dibaca kalau lagi gak ada kerjaan,-1,2
Aplikasinya sangat baik untuk mengisi waktu luang apalagi aku yang menyukai membaca pokoknya aplikasinya bagus deh kalian pasti nyesel kalo gak download terimakasih untuk delevoper,-1,2
"Sya terkadang malas buka apk ini karena klw mendapat cerita yang bagus selalu episode selanjutnya berbayar jadi buat sya tidak mood. Apk ini sebenarnya sangat bagus, tetapi mines harus bayar pake koin untuk buka episode yang baru kenapa enggak semua eps aja di beri 2 pilihan bisa pake fitur nonton iklan aja atau bayar pakai koin jangan cuman beberapa eps saja yang di beri pilihan itu, bukankah developer jga sudah mendapatkan benefit hanya dengan fitur itu.",-1,2
"tampilannya berubah total,, kalo mau liat perjadwal komiknya harus scroll sampai ke bawah dulu🥴",-1,2
"Woe yang protes gara gara koin, masih mending ada waktu 1 eps per 7 hari, Yang Lain? Harus beli Koin, Gak Ada Waktu pula, BERSYUKUR, buat aplikasi kayak Webtoon itu juga perlu namanya ""Uang"" Kalau gak ada Uang ya ini aplikasi udah gaada dari dulu mah Plus komiknya dari fan, ada yg action,magic,romance Dll, Aplikasi yang lain 98% Nya Romance semua, gw mending pilih Webtoon daripada aplikasi komik yg lain",-1,2
"Kadang ketika lagi baca komiknya, layernya suka bertumpuk dengan layer dari komik lain. Padahal sinyal wifi ataupun data seluler lancar. Tapi selebihnya oke oke saja. Terima kasih.",-1,2
"Sayang bgt ga bisa di screenshoot, saya pecinta webtoon dan sering promosiin judul"" komik webtoon yg menurut aku recomended, dan sayang bgt harus ada koin nya, jd ada perbedaan antara yg keluar uang sama yg ga, yg penting jgn win pay win aja deh",-1,2
Ini keren banget sumpah semua komiknya jg keren tapi ada beberapa komik dewasa jadi bagi yg dibawah umur 12 tahun lebih baik baca komik yg lucu lucu kaya komedi komedi gitu.,-1,2
"Saya berharap informasi genre suatu webtoon di halaman webtoonya lebih dari satu, bisalah dibuat 2 atau 3 genre. Dan lebih baik kalau tambah tag2 seperti di naver, lebih mudah mencari webtoon yg ingin reader baca. Kan hampir semuanya genre suatu cerita lebih dari satu. Kalau contoh tagnya vampire, friends to lovers, murim, dokter.",-1,2
seru juga bacanya berwarna tanpa iklan juga ga berbayar pokoknya cap👍 deh🤩🤩🤩,-1,2
Aq udh bc bnyk eps tp tiba2 aja semua komikx ga bs dbuka..ktx tdk ada jaringan🤔🤔kok bs pdhl kouta bnyk jaringanx full..tlng dong dperbaiki..udh brp kali q unduh ulang ttp aja ga bs dbuka..kecewa banget,-1,2
"Jangan terlalu menganak emaskan genre romance dong . Apknya bagus ,tapi kebanyakan romatis sm drama aja. Saya lebih suka genre action, fantasi ,martial. Tolong tambahin manhwa action lain ..",-1,2
"ini kenapa ya hbis instal ulang malah tambah berat di jaringan buat browsing n lain2 lancar tpi buat buka webtoon malah lemoet bahkan g muncul jaringan internet, kalo udah bagus nanti di tambahin lagi bintangnya",-1,2
"Webtoonku berapa hari ini nggk bisa kebuka, selalu muter2 trus, padahal jaringan nya bagus, udah ku coba upgrade tapi sama aja, malah buka komik sebelah lancar bgt",0,2
bagus deh aplikasi nya!! udah 2 tahun pake apk ini dan sampai sekarang masih bertahan!! tapi ada satu kekurangan. tolong yg di bayar pake koin kurangin dikit kek 😭😭 jadi nya susah mau baca sampai tamat,-1,2
"Bagus banget, aku suka sama ceritanya, gambarnya, Dan alur ceritanya Yang menarik.",-1,2
"nice... oya, kalo pas di ver english kita nggak bisa beli koinnya y...? tolong donk kasih tahu caranya.... soalnya ada Webtoon English yang pengen ku baca... karena pensaran bnget sama kelanjutannya... pleaseeeeee T-T",-1,2
"saya kurang nyaman dengan pembatasan usia yang telah ditetapkan, padahal rasanya dulu bebas untuk membaca webtoon manapun sekarang saya kembali membaca lagi webtoon²yang dulu saya pernah baca namun karena batasan usia saya tdk bisa membacanya lgi",-1,2
"dulu sii oke² aja semuanya lancarrr~ tapiii sekarang kok gini si !??!! tiap kali mau baca pastiii dibilang ""silahkan periksa koneksi Internet anda"" padahal jelas² jaringan nya baik² aja gda tuh lelet sedikitpun, p bngt tch mendoksei",-1,2
"Banyak webtoon nya . Semua genre ada.. tampilannya bagus, loading gambarnya cepat.",-1,2
"Ah longor masa pembayaran pakek pulsa cuma sekali belik begitu mau di beli lagi metode pembayaran pulsa tidak tersedia, mohon di perbaikiii!!!",-1,2
"cerita cerita di dalamnya bagus, hanya terkadang harus membayar untuk membaca episode selanjutnya, jadi yaa kurang nyaman saja jika seperti itu",-1,2
"Knp fitur iklannya gabisa dipake? pasti loading terus ga muncul² semenjak di update. Kayak ganiat kasih gratisan kalo ga diperbaiki gini, udh berbulan2 tetap sama. Terus UI nya jadi bikin bingung",-1,2
Saya kasih 4 bintang soalnya download komiknya terlalu berat. Jadi mohon Webtoon untuk memperingan komiknya agar bisa didownload di hp dengan penyimpanan rendah,-1,2
"Kayanya hp saya yg memang kentang, muak sumpah 'galat tidak diketahui', keluar tiba-tiba, loading lama. Ya Allah need hp baru, ini hp lama sejak saya masih kelas 5 sd sampai saya kelas 1 sma :)",-1,2
"fitur Webtoon sekarang making jelek banget untuk di bagian cover dalamnya Webtoon nya diganti jadi sama dengan cover luar, terus ditambah trailer segala nggak guna banget😤😡. saya mohon Webtoon kalo bisa dibuat seperti versi dulu aja itu lebih bagus dan juga simpel🙏🙏",-1,2
seruuu banget samaaa komiknya cuman yah gitu harus beli koin nya atau nunggu beberapa hari dlu,-1,2
"Maaf aku turunin ratingnya, Sekarang ga kayak dulu, Padahal sinyal bagus, tapi loading dari webtoonnya lama banget, Loading di dalam komiknya pun lama. Padahal sinyalnya bagus,",-1,2
"Ini jaringan saya yang jelek atau memang transaksi pembelian koin di Webtoon yang lama? Saya transaksi Rabu 5 April pukul 05.00 WIB, baru jam 14.49 WIB masuk di akun saya 20 Maret kemarin juga seperti itu, 8 jam baru masuk ke akun Mohon di perhatikan lagi, dan email mohon di balas",-1,2
Sebenarnya sih ceritanya harus di tambahin lagi soalnya aku dah baca semuanya. Terus kalau aku mao baca lagi bingung harus baca apa kalau nunggu yg di up lagi lama😊 Tapi aku suka apknya baguss aku suka I LIKE IT❤,-1,2
"kenapa ya sekarang kalo mau baca pakai wifi malah gabisa sedangkan pakai paketan baru bisa, padahal aku pakai wifi dan buka apk lain bisa dan lancar",-1,2
seru bgt banting cerita² yg menarik buat di baca dan kita juga bisa pilih nanti mau cerita apa aja yg di tampilkan tapi yg paling aku gk suka itu pas mau baca episode selanjutnya pasti ada aja yg disuruh bayar tapi gpp😊,-1,2
"seru banget baca Webtoon, cuma sangat disayangkan kalo mau baca gratis lewat iklan, lemot bangeeeetttt buka iklannya..semoga kedepannya makin keren",-1,2
gua seneng banget baca komik fantasi tapi komik webtoon gua ini enggak lg update krn kesamaan sm komik sm komik dgn judul lain eh padahal kan blm tamat nyesel deh kalau ngini beli koin dan skrng komik webtoon gua gk ada lg yg bagus ini!,-1,2
"Hampir semua komiknya aku suka, minusnya paling gabisa dibuka kalo sinyalnya kurang bagus. sinyal 4G baru bisa lancar",-1,2
"Apk nya udh bagus bgt ceritanya menarik"" pula, jdi ikut kebawa alir ceritanya klo lagi baca, but keluhan saya sama kek ulasan"" sebelumnya, knp apk ini doang yg loading nya lamaaaa bener yaampuun jdi suka marah sendiri pngen baca tapi loading nya lama, tolong di perbaiki ya trima kasih😊",-1,2
"Tolong diperbaiki dong, saya mau baca komik favorit saya selalu tidak bisa mulu alasannya ""Jaringan Koneksi Buruk"" padahal saya menggunakan Wifi loh!! Saya buka Apk Komik Yg lain bisa tanpa ada gangguan masa ini begini.. Di apk lain tidak ada komik favorit saya dan saya keluar trus masuk login lgi tidak bisa login tolong di urus🤬🤬",-1,2
"tgl 25 Agustus 2025jaringan bagus tp tak bisa di buka tulisan priksa jaringan anda terus kenapa ini bisa terjadi,,baru kali ini mengalami ini saya",-1,2
"Aplikasinya bagus, yang ngomong ga bisa di ss iya lah kan ini ada keamanannya kalo mau di ss di webnya di chrome adakan. Webtoon ini bagus banget menurutku apalagi suka update.",-1,2
"aplikasinya emang bagus sangat mudah dimengerti buat gambarnya juga jelas,tapi akhir' ini aku lihat banyak yang manhwa adegan dewasaa please setiap lagi seru' baca langsung ada adegan ga senonoh ga pantas banget apalagi buat anak kecil tolong ya pihak Webtoon lebih realistis lagi.",-1,2
"Ada apa dengan webtoon? Tiba2 aja ngebug, padahal koneksi lancar tapi gak konek2. Please diperbaiki lagi min, aku suka banget baca webtoon.",-1,2
"Mantap keren ceritanya dan juga, gambar art style yang sangat bagus.",-1,2
Ini app bener bener menghibur aku banget. buat WEBTOON boleh nggak dapat koin gratis tanpa kode soalnya klo pake kode suka salah mendingan ada misi nya aja misalnya baca 5 komik gitu baru dapat koin dan misi lebih banyak koin nya pun makin banyak gitu hehe.Trimakasih udh menciptakan WEBTOON ini kalian yang nggak download nyesel Segitu aja ya sekali lagi Trimakasih,-1,2
"Bagus sampai sulit move ke yg lain, tp entah knp skrg sulit loading, katanya jaringan gak bagus tp pas buka youtube lancar-lancar aja",-1,2
"Ui yang sekarang jelek, mendingan yang dulu. Buat liat eps mana aja yang udah di sukain gada, jadi ga tau mana bagian eps yang bagus atau ngga",-1,2
"Saya kecewa, saya tidak bisa klik event koin gratis. Selalu saja tulisannya tidak ada koneksi internet. Pakai wifi sangat susahnya giliran pakai data seluler kok bisa? Ada apa ini? Tolong perbaiki",0,2
"masalah koin ya engga kenapa napa , tapi masalah ss itulah harus di perbijak lagi soalnya banyak kata yang bagus buat di jadiin status hahaha terus juga dengan banyak yang ss pastilah banyak yang asalnya belum pernah baca jadi penasaran 😂",-1,2
Seperti apk kuning ya mas bro.. Tapi ceritanya banyak yang gak menarik dan membosankan.. Dan saat webtoon lama tamat episode terakhir nya di kunci pke koin.. Gpp sih.. Tapi tolong ya komiknya lebih bijak lagi dipilihnya dan dimasukkan ke webtoon..,-1,2
sangat keren aku yakin sangat susah untuk menjadi penulis tapi orang yang berbakat pasti selalu punya cara untuk menemukan kemudahannya 🔍👀❗kalian sangat keren,2,2
"aplikasinya bagus, komik komiknya juga menarik dan seru, tidak ada kekurangan, kecuali dua hal yaitu: || 1. Sy prnh mengalami bug scroll saat scroll komik, memang sgt mengganggu, ttpi stlh sy coba perbaiki dgn menghapus webtoon dri jendela aplikasi ttp spt itu, lalu setelah mencoba lgi sekitar 3-4x kembali normal || 2. Di nomor dua ini sepertinya tdk trlalu penting seperti di nomor satu, tlg tambahkan fitur foto profil, trmksh, ttp smgt utk tim Webtoon ♡ || *ditunggu update-an nya ya❗ makasih",-1,2
"Ada beberapa komik yang sebelumnya bisa dibuka tapi udh enggak bisa dibuka karena ada rating dewasa. Padahal verifikasi usianya enggak bisa diganti sama sekali, saya sangat kecewa",-1,2
aplikasi nya sudah bagus tapi kenapa banyak iklan ya?,-1,2
"Sukaa bangett sama aplikasi ini gk ngebosenin ,, bisa banget pas dibaca pas puasa sukaaa bangettt sama aplikasi iniii gk ada bosennya deh download aplikasi ini ,, wajib didownload bagi orang yang sediki sedikit bosenn rekomen deh aplikasi inii",-1,2
"webtoon kenapa sekarang jadi sering error? padahal jaringan bagus bagus aja tapi sering lama loading garis putih gitu, udah di uninstall baru unduh lagi tetap aja begitu, tolong di perbaiki lagi",-1,2
"Dari awal muncul aplikasi ini sy sudah download, tapi makin kesini makin seenaknya tamatin komik yg belum kelar... Misalnya Yumi's Cell... Kecewa... Auto Uninstall",-1,2
aplikasi ini sangat seru untuk di liat ada yang gratis ada juga nya pake koin tapi aplikasi ini sangat seruuu aku sangat menyukai nyaa!!,-1,2
"Nonton iklan buat baca episode, udah selesai iklannya gak bisa diklik",-1,2
"Suka banget dengan webtoon, dapat menjadi hiburan dan mengisi waktu luang 🧡 jujur udah ada 3 tahunan pakai aplikasi webtoon dan belum pernah sama sekali aku uninstall.",-1,2
"kenapa saat saya ingin top up koin memakai pulsa dikatakan eror dan pulsa saya tidak cukup, padahal saya baru saja mengisi pulsa lebih dari harga top up koin. saya sudah mencoba top up 3 hari berturut turut, tapi tetap saja eror. mohon untuk diperbaiki lagi🙏",-1,2
saya benci sama webtoon yang skrg . masa gabisa di ss gambarnya. pdhl itu kan bagus. sekalian mmpromosikan aplikasinya. saya harap webtoon bisa kembali bisa di ss gambarnya.,-1,2
Muehehehe suka banget ma ni apk. Bisa menghibur ketika lagi badmood dan bisa merefresh otak dari tugas² sialan-_. Jan baperan,-1,2
"Wawww, apk webtoon ini bagus banget! Untuk yg belum download, download ya.. Ku seneng banget bisa baca cerita diwebtoon ini.. Dan walaupun ceritanya kebanyakan cinta² semua, ada juga yg bisa dibaca anak² loh.. Dah sampai sini dri aku, makasih udah buat webtoon! <3",-1,2
"Untuk pihak webtoon. Kenapa makin banyak komik unsur dewasa, padahal aplk ini banyak anak di bawah umur yg make😟😟, dulu komik webtoon masih cocok untuk di baca karena ngak perlu ketentuan umur berapa aja yg baca , tp sekarang webtoon banyak komik unsur dewasa, saya sebagai pembaca yg cukup lama membaca webtoon merasa kecewa 😔😔",-1,2
"Demi apa, webtoon sekarang kaya mata duitan. Padahal dulu kalo udah tamat bisa di baca kapanpun, tapi sekarang harus pake daily ticket, udah gitu kalo ticket udah habis harus pake koin. Tolong lah, jangan terlalu banyak kaya gitu. Enak yang dulu, kalo yang udah tamat bisa di baca kapan aja, ga usah pake ticket ataupun koin. Saya sering baca ulang webtoon yang udah tamat, tapi jadi ga nyaman bacanya karena harus nunggu daily ticket lah harus pake koin lah. Ini yang bikin saya males baca webtoon.",-1,2
Ini kenapa sih? Suka berhenti tiba2.. jd hrs kluar masuk dr aplikasi trs. Stlh update malah makin parah. Pdhl sdh pakai wifi. Tlg diperbaiki.,1,2
Suka banget sama webtoon... Aku Suka banget baca cerita nya karena aku suka banget cerita yg bergambar kayak webtoon... Kalau aku boleh kasih saran tolong banget buat ada iń kasih hadiah buat pembaca webtoon dong .biar mereka baca nya tambah semangat.,-1,2
"apk terbaik buat baca komik👍 udh banyak coba apk lainn, tpii inii yg paling cocokk hihii, cuman sekarang tu lebih banyak ceritanya yg... yaa gitu, lebih suka cerita² fresh yg alurnya gabisa ditebak, tpi ttp ni apk fav buat baca komik🫰",-1,2
"Sering susah loading.padahal jaringan bagus.paket data banyak.tolong lah,di perbaiki aplikasinya.asli susah banget bacanya,sering keluar sendiri dari aplikasinya",-1,2
"Bagus lahhh, seru seru lagi ceritanya xixixixi tapi perbaiki mohon ya pihak webtoon kadang pas baca komik lemot, padahal kenceng internet kadang suka ngelag atau mungkin karena hp nya:"" sejauh ini gpplah.",-1,2
"Webtoon skrg komik yg bagus banyak yg hiatus, banyak webtoon baru muncul tp ceritanya kyk hampir mirip, masih bagusan yg dulu jd agk kecewa..",-1,2
"lumayan cerita nya, cuma sebagian cerita kayak Plaything dan Behind her highness smile cerita nya masih belom dilanjutkan untuk episode lanjutan nya, padahal itu cerita nya favorite saya selain yang lain. tapi pokok nya webtoon nya bagus lah ya.",-1,2
"Koin sy tidak bertambah, tapi pulsa sy sudah berkurang, pihak developer juga lambat dalam menanggapi masalah.",-1,2
"Setelah update tampilannya jelek. Padahal webtoon dulu tampilannya sederhana, mudah digunakan, dan enak dilihat. Sekarang malah kelihatan berantakan banget. Daripada sibuk ubah ubah tampilan, mending alokasikan waktu kalian untuk benerin bug dan cari komik bagus untuk diup di webtoon. Bosen lihat isi webtoon mayoritas kerajaan or something ++ 😮‍💨",-1,2
bajus banget aplikasi nya ceritanya juga seru seru banget,-1,2
"Min, komik chellenghe di perbanyakkan officialnya. Karena ada beberapa komik yg grafik dan alur mereka dah bagus, namun jarang diofficialkan jadinyakan mereka berpindahan kelapak lain",-1,2
"keren, suka sma gambarnya yg unik lucu😁",-1,2
"Saya sdh beli saldo google pay,tapi kenapa pas waktu mau nukerin di aplikasi webtoon mlh koinnya 0.00 pdhl sdh saya cek di playstore klo saldo saya 10.000, Tolong diperbaiki pihak webtoon atas ketidaknyamanannya!",-1,2
"bisa ga.. di akhir"" episodenya tambahkan fitur buka lewat iklan juga. jangan hanya pakai koin saja.. soalnya yang baca itu berbagai kalangan..",-1,2
"Saya sebagai pembaca Webtoon dari yang awalnya bentuk ikonnya seperti bubble chat sampai sekarang sudah berubah merasa terganggu dengan tiket harian gratis, sangat memuakkan untuk baca satu eps setiap malam! Sistem koin saya masih terima tapi ngga dengan tiket harian gratis! Ada Webtoon yang dulu sudah habis di baca dan ketika ingin di baca ulang malah harus menunggu setiap malamnya, sistem seperti ini sangat amat menjengkelkan!",-1,2
"app ini bagus bgt, apalagi komik2 ny seru. jadi aku bisa baca komik di handphone tanpa harus membacanya di buku.... Tapi kok makin lama semakin lemot Ya? tolong diperbaiki lagi klo bisa",-1,2
saya menggunakan aplikasi dari 2022 jujur cukup bagus tapi komik yang up baru² ini komik untuk wanita atau mc di komik itu wanita sedangkan komik cowok yang terbaru jarang up :(,-1,2
sangat membantu beberapa manhua yang mau sya Baca,-1,2
"cerita nya bagus, gratis lagi banyak cerita yang menarik untuk dibaca dan cerita tidak membosankan. Aku sangat menyukai cerita di Webtoon. ❤",-1,2
"Ini apk favorit ku,,apalagi drama ""eh sorry kesantet"",mnrt ku semuanya udh bagus,tpi klo bisa di hari spesial itu gratisin smua preview komik,krn skrg udh Deket tanggal tua,jadi kebanyakan orng pada bokek,sgitu aja sih saranku,tolong di balas ya pihak webtoon.",-1,2
"jangan di premiumin dong, JADI GA SERU!. padahal klo lagi seru serunya baca, gak kerasa iklanya habis, JADI HARUS NUNGGU 1 MINGGU..! padahal dulu seru banget, trus habis update jadi gak seru",-1,2
"Min tolong agar bisa diputar rotasi dikala pilih episode, hp saya setengah layar gabisa dipencet:v (terbanting) jadi tolong agar bisa diputar rotasi agar saya nyaman lagi membacanya-_-",-1,2
"Saya beri 2 bintang karena sebagai penikmat aplikasi ini saya meng-ss gambar agar tidak perlu mencari dari banyak episode sehingga bisa dengan mudah dinikmati di galeri. Selain itu, juga dinikmati sebagai wall paper. Saya kurang setuju dengan adanya fitur baru ini yg tidak bisa di-ss gambar""nya.",0,2
"Saya sangatt terhiburrrr Skali..aku berterima kasih untuk KK/abng penulis komik dan sekaligus pencipta Webtoon..komik nya atau alur nya sangat sangat romantis, dramatis,dan baguss Skali.. hanya saja kekurangan nya di komik paling bagus gak nyampe tamat Free nya..harus bayar pake koin.trush aku Masi pengguna..mau tamatin komik karena saking serunya eh aku kecewa karna terpaksa bayar pake koin/Pilih iklan untuk menonton.",-1,2
Aplikasi nya bagus syuka banget apalagi yng hobi nya rebahan atau gabut wajib download krna ya seru komik nya banyak ga itu itu mulu pokonya thebest deh awal nya saya ragu pas mau download ni aplikasi karen liat komentar negatif semua tpi sya pnasaran dan lngsung download dan ternyata seru gambar nya juga jernih,-1,2
"Untuk aplikasi udh bagus segala macemnya udh oke cmn tolong dong line webtoon banyakin komik lokal jgn manhwa kerajaan doang yg dibanyakin, bnyk author berbakat dri indonesia tp komiknya blm pda official trs kadangan di pertengahan jalannya komik sering diberhentiin paksa jd pembacanya merasa ga puas",-1,2
"haloo saya suka banget sama aplikasi inii, minesnya cuma kurang lengkap komik-komiknya & update nya yang lamaa polll. tolong untuk para translator/Mimin kalau update jangan terlalu jauh. misalnya server lain udah 90+, sedangkan server indonya baru 70+ atau 80+🙏 iyyaa saya tau memang gak gampang, ini hanya opini saya yaa. Selebihnya udah bagus kok👍",-1,2
ini kenapa ya seharian ini ga ada yg muncul gambar nya padahal koneksi internet bagus² aja,-1,2
"tiba tiba banget bahasa nya ke ganti jadi Prancis,yang udah ku baca belum ke lanjutin hilang semua, susah nyari nya,",-1,2
"Bagus bgt ini misalnya kalo saya gabut bisa deh sambil baca"" sama liat"" kanyak nya bakal jadi kesenangan aku sih tapi aku pengen ada tambahan pengen ada cerita anak SMP yang seru sama bagus bgt itu aku rekomendasi sih biar makin ningkat Webtoon ini semangat terus devloper 😄👍🏻",-1,2
"Aplikasi yang bagus, memiliki banyak komik dengan genre yang beragam, cara membaca komik yang mudah, dan selalu ada komik yang update setiap harinya, saran dari saya tolong perbaiki beberapa bug agar kami lebih mudah dalam membaca dan tambahkan juga beberapa komik baru, Sekian dan terimakasih",-1,2
ceritanya cukup bagus semua tapi kebanyaka manhwa yang aku cari gak ada,-1,2
suka banget sumpah cooooo.. nggk kalah bagus nya sama apk manwah sebelah.. ehh,-1,2
"halo admin, kenapa ya untuk akun aku iklan agar bisa baca gratis ke episode berikutnya tidak mau. bila klik tonton iklan pasti loading dan akhirnya tidak mau buka sama sekali. solusinya dong min",-1,2
update kali ini membuat iklan semakin mengganggu pada saat membaca,-1,2
"Ini bagus bgt sih,cuman bisa di perbanyak ceritanya, dan tolong jangan apdet setiap 1kali dlm w Minggu donk terlalu lama comang buat nunggu 1 episod doank.",-1,2
"Akhir akhir ini kenapa loadingnya lamaaaa sekali, padahal sinyal bagus di pakai apk lain lancar sedangkan buka webtoon loadnya trs, pdhal sudah update",-1,2
"Padahal sinyal gue bagus2 aja di apk lain, kenapa cuma Webtoon yang selalu lelet kalo mau baca komik. Komik samping lancar aja tuh",-1,2
bagus banget komik²nya!,-1,2
bisa ngga iklan shopeenya jgn terlalu sensitif.hingga ke sentuh pas scroll langsung kebuka.jadi makin jelek aja.ini apk klo gini terus.,-1,2
sangat bagus untuk liat komik jadi gak keluarin duit lagi deh buat beli buku komik tinggal liat sini aja daftarnya gampang banget lagi cuma 10 detik dah selesai,-1,2
Weh ini gimana nih? Masa mau baca komik favorit tapi gak ada daftar episodenya? Loading mulu kerjaannya 😫,-1,2
"Aplikasi the best ini pokoknya, ketimbang apk komik yang lain. Gaada miss translate semua jelas dan gambarnya juga ga norak. Plis banget buat pecinta komik kaya aku download ya. Gapunya koin tinggal tunggu aja sabar, ga sampe sebulan.",-1,2
"apk ini tu bagus, bisa baca komik yang keren² dan seru, tapi kok akhir² ini klo down komik gitu ya eh pas baca malah gabisa dibuka, pdhal baru di down, tolong lah perbaiki lagi, dlu mah ga kek gini",-1,2
Ada yang bila pas masuk ke apk ini berapa menit an gitu bakal keluar sendiri enggak lo coba deh hp kalin di perbaikin dulu kalo aku sih enggak soal nya ini tu bagus banget.semoga ulasan saya membantu kalian semua yaa☺☺okee. aku kasih bintang ★★★★tu yaa bintang lima okk makasih yang buat apk ini😊😊😊,-1,2
"kembalikan webtoon yg dulu.. saya download apl ini dari pertama muncul dan aku tau kualitas webtoon seperti apa.. sekarang banyak genre"" yg tidak pantas yg seharusnya tidak ada di apl webtoon, jadi seperti bukan apl webtoon yg selama ini sudah dibangun kredibilitasnya..",-1,2
"Thanks buat author, semua komik yang di buat d apl webtoon ini menyenangkan rasanya kebosananku hilang kalau udh baca komik para Author dan makasih untuk pembuat apl webtoon ini ,makasih bnget udh ciptain apl ini 😊😊 seneng banget aku tuh😁😁",-1,2
"Kok webtoon skarang jdi sulit muncul gambarnya ya? Jdi overload bngett,,pdhal buat yg lain lancar"" aja kok, buat youtuban jga lancar gk buffering sama sekali. Tpi klo mau liat webtoon kok gk ada gambarnya?? Tolong diperbaikii!!!",-1,2
"Setiap mau nonton iklan didaily pasti iklan nya langsung masuk ke aplikasi lain,waktu mau masuk webtoon lagi iklan yang sebelumnya nggak bisa digunakan jadi harus nonton iklan lagi,padahal sebelumnya udah nonton iklan sampe selesai",-1,2
"Min tolong episode yang pakai koin agar bisa di buka dengan iklan sampai episode terakhir, dan buat juga fitur premium untuk bisa membuka semua episode tanpa iklan seperti apk wibuku dengan harga Rp.12.000 1 bulan, Rp.30.000 3 bulan, Rp.55.000 6 bulan, dan Rp.99.000 12 bulan.",-1,2
Assalamualaikum namaku adinda .ooia tentang aplikasi ini aku kasih bintang 5 karena aplikasi webtoon ini sangat bagus sekali .setiap hari baca komik yang manis manis bikin seneng walaupun tetap dirumah.dan terimakasih atas pembuat aplikasih ini .,-1,2
"Udah bagus sih bagus banget malah tapi ada yang kurang mohon untuk tambahin webtoon manga,sama manhua, kebanyakan di sini manhwa semua. Dan satu lagi tolong banyakin mebtoon kerajaan dari lokal ya jangan kebanyakan dari korea mulu",-1,2
"Mantep banget dah di komik. Gampang dicerna, ceritanya keren², ga ngebosenin, dan gratis pula. Apalgi nobles, suka bgt gw. Ga perlu beli² koin atau apalah itu. Pokoknya top abis. Tingkatin terus yaa, munculin dah cerita² lain yg menarik. The best dah Line webtoon. sukses terus!!!",-1,2
Aplikasinya bagus saya suka! Tapi setelah update ini gambarnya agak lama ya😅 aku harap aj bisa balik lagi kek dulu walau jaringan kurang bagus tapi tetep cepet gambarnya ada😅 semangat kak!💪😄,-1,2
"Saya baca komik, gambar di bawah masih loading download, eh malah gambar yg di atas malah download ulang, trus download gambar yg di bawah gagal, gimana baca mau nyaman.",-1,2
"Tidak terasa udah menggunakan aplikasi Webtoon ini lebih dari 1 tahun , dan makin menarik komiknya , untuk para athour mohon bikin komiknya jangan nanggung-nanggung , kalo niat bikin sampai terus berepisode-episode , biar semakin menarik para pembaca . Terima kasih",-1,2
"Nah gini dong gak Ada masalah lagi soal scroll yg kena bug or gambarnya loading lama, kan jdinya enak bacanya, ama suka banget ama Komik ini udh dari lama, bagus banget moga gak ada masalah lagi ya",-1,2
"Tambahin ada fitur "" slide show "" ya buat yang offline: maupun online,soalnya pegel juga kalau lagi scroll gitu dan kalau bisa fitur slide show nya bisa diatur,misalnya per satu slide bisa diatur berapa detik gitu baru pindah ,selain itu semuanya bagus sih",-1,2
"Saya sangat suka dengan aplikasi ini, cuman gk sama kayak yang di iklan di iklan ada pengisi suaranya tpi stelah di download gk ad, itu aj sih yang bikin kecewa:(",-1,2
"Kalo bisa sih angkat aja yg ada di webtoon challenge lebih bagus malah, dari pada copy webtoon yg ada di lapak sebelah mana harus sewa dan pake tiket lagi.. Tolong yaa",-1,2
"Lama mau bacanya juga ngeloading terus,di website sama terus udah ngedownload aplikasinya juga tetep sama ngeloading terus. Padahal ceritanya pada bagus bagus",-1,2
y jangan nanya lagi pokoknya bagus hihi,-1,2
Aplikasinya bagus dan ceritanya oke tapi saya sarankan jangan lama lama waktu untuk baca gratis masa butuh nunggu 1minggu atau lebih tolong di perbaiki,-1,2
Udah 2 harini gak bisa di buka appnya. Pdhal gak ada disuruh update. Gak bisa kebuka app webtoonya :( kenapa ya?,-1,2
"Aplikasi ini sangat bagus tetapi untuk pemula kayak saya mohon ada penjelesannya,kadang kadang saya biñgung tapi keren kok!!!oh ya untuk tiket hariannya dihapus bisa?itu menggangukan saya. But nice. THANKS YOU FOR READING!! By: Tsabithaa?!",-1,2
"Maaf, tapi kenapa ya udah di sinkronisasi tapi tetep hilang jejak terakhir dibacanya? Dulu pernah uninstall dan udah di sinkronisasiin. Trus diinstal lagi, eh jejak terakhir dibacanya jauhh kebawah:') alhasil cari mandiri deh terakhir dibacanya kapan. Selain itu bagus bagus semua coy, banyak jenis jenis komik yang bagus, pokoknya bintang lima deh.",-1,2
"saya pengguna webtoon dari jaman SMA,tapi beberapa minggu terakhir webtoon sering loading ,mau baca juga susah dibuka :) saya pikir jaringan saya yang bermasalah tapi buka youtube dll tidak ada kendala.Mohon segera diperbaiki demi kenyamanan pembaca,terima kasih.",-1,2
"Ini kenapa Webtoon gambarnya lama muncul, sinyal saya 4G padahal , aneh. Apakah ini bug? Tolong segera di perbaiki, saya tidak nyaman membaca, biasanya saya membaca setiap hari, sekarang jadi malas baca karena lama gambarnya muncul, membaca harusnya 5 menit , jadi 15 menit , menunggu gambar , gila.",-1,2
keseringan sinyal buruk ya sekarang?,-1,2
"Avv , saya coba dua kali nih apk.. satu di hp saya dan ini di hp adek sayya.. avv baguss bangett ! Ada yang genre horor, romantis, dll , pokoknya nih apk baguesss bangettt. !",-1,2
"Ada bug,sudah dilaporkan tapi tidak ada tanggapan, baiklah kita UNINSTALL, lebih baik baca lewat browser saja. lebih lancar dan masih bisa di screenshot eh...",-1,2
"Saya kira saat saya kasih ulasan bagus webtoon ya bagus,, tapi setelah dibuka webtoon nya kok ga ada gambar padahal sinyal saya bagus ga ada kendala ini kenapa ya kok bisa gini,, saya pikir mungkin saya tunggu sebentar ada gambarnya sekali saya tunggu udah lama ga ada gambarnya ini webtoonya kok lama lama jadi menurun gini tolong diperbaiki ya,, jadi kecewa saya, (╯︵╰,)",-1,2
"Ceritanya menarik, bagus, seru hanya saja knp saat saya mengikuti event coin sudah selesai dan coin saya tidak bertambah? sudah 2x terjadi tolong diperbaiki 🙏🙏🙏",-1,2
"Mengalami bug, tidak mendapatkan hadiah dari event yang sedang berlangsung padahal sudah menuntaskan semua misinya. Event webtoon VIP, di aplikasi masih harus beli 1 eps lagi padahal sudh beli. Tolong di bantu karna saat ini terjadi, saya coba beli 1 eps lagi karna mungkin saya salah ngitung, tapi ternyata tetap saja tidak tuntas misinya. Terimakasih.",-1,2
Aku kasih Bintang 4 bukan karna tidak terlalu bgus tapi ini sudah bagus kok untuk komik jadi aku suka sekali dengan alur Dan gambar Cerita nya.,-1,2
"sangat bagus, saya terhibur dengan semua genre yg ada disini, dan karakter nya begitu bagus dan saya lebih menyukai genre kerajaan haha terimakasih telah membuat aplikasi ini",-1,2
banyak iklan tpi sngt seru 👏,-1,2
"Kecewa si skrg, katanya kalo liat iklan bisa buka gratis,,, tapi di coba gak bisa, diputar sampe habis iklannya berulang²",-1,2
"Huwaa komik ini super² bagus👍aku sebenarnya udh 2 thn bca ini, pertama kli komik yg aku baca itu judulnya my unknown husband tpi syg nya itu sdh dihps sedih skli hhu T_T Lalu aku terinspirasi dngn TSOA, wahhh sungguh bnr² keren🤩tpi syg skli skrng webtoon sdh tdk bsa di screenshot klo dlu msi bisa Sedih sih hhh T_T tpi gpp lah yg pnting msih bisa baca komik yg keren ini hha",-1,2
App paling aku sayang 💕 Udah hampir 4 tahun aku baca webtoon dan gabisa hidup tanpa webtoon ahaha. Cuman SEDIH banget TAP SCROLL nya kenapa hilang coba? Jadi gak nyaman krn udh bertahun-tahun aku baca dan biasanya tinggal TAP SCROLL skrg gabisa lagi. Please balikin lg TAP SCROLL nya dong 😭 I hope someone can fix it pleaseee.,-1,2
"aku suka banget sama apk webtoon apalagi klo yg judulnya ""the secret of angel"" karna komiknya bagus banget tapi aku sedikit kecewa sama pembaruan kali ini karna tidak diperbolehkan untuk screenshot padahal kalo ada gambar jukyung atau yg lain yg menarik pasti bakal aku ss untuk aku jadikan wallpaper jadi tolong donk di setting untuk bisa ss lagi plisss nanti kalo udah bisa di ss aku bakalan kasih bintang 5 dan aku bakal promosiin apk webtoon ke teman² aku plis ya sekian terima kasih 🙏🙏",-1,2
mantap komik tersedia di sini bacaannya gambarnya juga bagus kapan ya aku bisa gambar kayak gitu juga 🥺,-1,2
menurutku ini apk yg sangat bagus untuk membaca manga... iklannya juga sedikit jadi tdk terlalu mengganggu... rekomendasi banget ini mah apk nya😆💗,-1,2
"ini kenapa ya, webtoon sekarang peletakkan nya jadi aneh begini? padahal dulu udah bagus dan nyaman banget buat para pembaca, tampilannya juga berkualitas, menarik para pembaca. ini kok sekarang bikin gak minat baca ya? malah telihat seperti kekurangan dana... 😓🙏🏻",-1,2
Webtooon nya bagus banget tapi ... bisa nggak Webtooon sama seperti mangatoon bisa pakai koin dan poin . Poinnya bisa didapatkan dengan membaca Webtooon,-1,2
"baca webtoon sangat seru, tapi ada komik dewasa 18+, dan banyak remaja yang belum dewasa membacanya. tolong hapus komik dewasa nya",-1,2
